{
  "ticker": "NVDA",
  "forecast_days": 5,
  "train_years": 10,
  "trained_at": "2026-02-23T06:48:21.155900Z",
  "n_samples": 2506,
  "n_features": 66,
  "avg_dir_acc": 58.879999999999995,
  "feature_importance": {
    "return_1d": 0.01704840548336506,
    "return_2d": 0.01706797257065773,
    "return_3d": 0.014866340905427933,
    "return_5d": 0.020390916615724564,
    "return_10d": 0.02214832417666912,
    "return_21d": 0.027812782675027847,
    "sma_5": 0.02868226170539856,
    "price_vs_sma5": 0.014985904097557068,
    "sma_10": 0.03123495727777481,
    "price_vs_sma10": 0.01924087107181549,
    "sma_20": 0.03293367102742195,
    "price_vs_sma20": 0.024581629782915115,
    "sma_50": 0.028012298047542572,
    "price_vs_sma50": 0.024414369836449623,
    "sma_200": 0.035619162023067474,
    "price_vs_sma200": 0.02462036907672882,
    "ema_12": 0.03034290485084057,
    "ema_26": 0.040652286261320114,
    "macd": 0.025520164519548416,
    "macd_signal": 0.022141233086586,
    "macd_hist": 0.03162691742181778,
    "rsi": 0.021231671795248985,
    "bb_upper": 0.028418730944395065,
    "bb_lower": 0.024838516488671303,
    "bb_width": 0.025552529841661453,
    "bb_pct": 0.017459876835346222,
    "atr_14": 0.03404774144291878,
    "atr_pct": 0.03182986378669739,
    "vol_sma20": 0.02161068469285965,
    "vol_ratio": 0.016950445249676704,
    "vol_change": 0.012233605608344078,
    "gap": 0.01430514920502901,
    "high_low_pct": 0.013785544782876968,
    "close_vs_high": 0.01276521384716034,
    "roc_5": 0.02155926264822483,
    "roc_10": 0.014397072605788708,
    "day_of_week": 0.009264898486435413,
    "month": 0.030508259311318398,
    "quarter": 0.032239265739917755,
    "is_month_end": 0.0,
    "pe_ratio": 0.0,
    "forward_pe": 0.0,
    "pb_ratio": 0.0,
    "ps_ratio": 0.0,
    "revenue_growth": 0.0,
    "earnings_growth": 0.0,
    "gross_margins": 0.0,
    "operating_margins": 0.0,
    "debt_to_equity": 0.0,
    "current_ratio": 0.0,
    "return_on_equity": 0.0,
    "return_on_assets": 0.0,
    "beta": 0.0,
    "short_ratio": 0.0,
    "analyst_target": 0.0,
    "analyst_low": 0.0,
    "analyst_high": 0.0,
    "num_analyst_opinions": 0.0,
    "recommendation_mean": 0.0,
    "earnings_surprise_pct": 0.0,
    "analyst_upside": 0.02693251147866249,
    "sentiment_mean": 0.0011082098353654146,
    "sentiment_std": 0.0,
    "news_count": 0.0113997682929039,
    "sentiment_5d_avg": 0.0275350920855999,
    "sentiment_10d_avg": 0.01608225516974926
  }
}