{
  "ticker": "NVDA",
  "forecast_days": 1,
  "train_years": 10,
  "trained_at": "2026-02-23T06:49:11.668389Z",
  "n_samples": 2510,
  "n_features": 66,
  "avg_dir_acc": 54.67999999999999,
  "feature_importance": {
    "return_1d": 0.027464941143989563,
    "return_2d": 0.026216475293040276,
    "return_3d": 0.024753713980317116,
    "return_5d": 0.023080874234437943,
    "return_10d": 0.022063421085476875,
    "return_21d": 0.023206084966659546,
    "sma_5": 0.017405766993761063,
    "price_vs_sma5": 0.027341295033693314,
    "sma_10": 0.022488262504339218,
    "price_vs_sma10": 0.027122097089886665,
    "sma_20": 0.02377845160663128,
    "price_vs_sma20": 0.027006765827536583,
    "sma_50": 0.021032242104411125,
    "price_vs_sma50": 0.023628035560250282,
    "sma_200": 0.028331123292446136,
    "price_vs_sma200": 0.02431577630341053,
    "ema_12": 0.026483993977308273,
    "ema_26": 0.02321351133286953,
    "macd": 0.022695936262607574,
    "macd_signal": 0.022158078849315643,
    "macd_hist": 0.019081242382526398,
    "rsi": 0.019537458196282387,
    "bb_upper": 0.019810091704130173,
    "bb_lower": 0.023772509768605232,
    "bb_width": 0.024342253804206848,
    "bb_pct": 0.02245650440454483,
    "atr_14": 0.0194548387080431,
    "atr_pct": 0.02472434565424919,
    "vol_sma20": 0.02311350777745247,
    "vol_ratio": 0.027237797155976295,
    "vol_change": 0.026295898482203484,
    "gap": 0.025436215102672577,
    "high_low_pct": 0.02407928556203842,
    "close_vs_high": 0.023424571380019188,
    "roc_5": 0.022237367928028107,
    "roc_10": 0.023399261757731438,
    "day_of_week": 0.029729437083005905,
    "month": 0.019931621849536896,
    "quarter": 0.015477298758924007,
    "is_month_end": 0.0057201809249818325,
    "pe_ratio": 0.0,
    "forward_pe": 0.0,
    "pb_ratio": 0.0,
    "ps_ratio": 0.0,
    "revenue_growth": 0.0,
    "earnings_growth": 0.0,
    "gross_margins": 0.0,
    "operating_margins": 0.0,
    "debt_to_equity": 0.0,
    "current_ratio": 0.0,
    "return_on_equity": 0.0,
    "return_on_assets": 0.0,
    "beta": 0.0,
    "short_ratio": 0.0,
    "analyst_target": 0.0,
    "analyst_low": 0.0,
    "analyst_high": 0.0,
    "num_analyst_opinions": 0.0,
    "recommendation_mean": 0.0,
    "earnings_surprise_pct": 0.0,
    "analyst_upside": 0.023569634184241295,
    "sentiment_mean": 0.011799242347478867,
    "sentiment_std": 0.0,
    "news_count": 0.018948322162032127,
    "sentiment_5d_avg": 0.01000042725354433,
    "sentiment_10d_avg": 0.012633802369236946
  }
}