{
  "ticker": "NVDA",
  "forecast_days": 3,
  "train_years": 10,
  "trained_at": "2026-02-23T06:48:39.368443Z",
  "n_samples": 2508,
  "n_features": 66,
  "avg_dir_acc": 57.5,
  "feature_importance": {
    "return_1d": 0.017411453649401665,
    "return_2d": 0.02333706244826317,
    "return_3d": 0.016978180035948753,
    "return_5d": 0.02051890827715397,
    "return_10d": 0.024406520649790764,
    "return_21d": 0.026169462129473686,
    "sma_5": 0.022701483219861984,
    "price_vs_sma5": 0.01779978908598423,
    "sma_10": 0.023879945278167725,
    "price_vs_sma10": 0.018999673426151276,
    "sma_20": 0.03210577368736267,
    "price_vs_sma20": 0.025745006278157234,
    "sma_50": 0.03007880598306656,
    "price_vs_sma50": 0.025262748822569847,
    "sma_200": 0.027104893699288368,
    "price_vs_sma200": 0.02719237469136715,
    "ema_12": 0.025375407189130783,
    "ema_26": 0.03356195613741875,
    "macd": 0.026798225939273834,
    "macd_signal": 0.02222241275012493,
    "macd_hist": 0.027084609493613243,
    "rsi": 0.020126286894083023,
    "bb_upper": 0.026042990386486053,
    "bb_lower": 0.023239266127347946,
    "bb_width": 0.020956575870513916,
    "bb_pct": 0.020015088841319084,
    "atr_14": 0.024371758103370667,
    "atr_pct": 0.029330946505069733,
    "vol_sma20": 0.023487698286771774,
    "vol_ratio": 0.018510140478610992,
    "vol_change": 0.01858992502093315,
    "gap": 0.0193245317786932,
    "high_low_pct": 0.01608310081064701,
    "close_vs_high": 0.018295103684067726,
    "roc_5": 0.018861090764403343,
    "roc_10": 0.018573880195617676,
    "day_of_week": 0.013635381124913692,
    "month": 0.025477370247244835,
    "quarter": 0.01905897632241249,
    "is_month_end": 0.00915113091468811,
    "pe_ratio": 0.0,
    "forward_pe": 0.0,
    "pb_ratio": 0.0,
    "ps_ratio": 0.0,
    "revenue_growth": 0.0,
    "earnings_growth": 0.0,
    "gross_margins": 0.0,
    "operating_margins": 0.0,
    "debt_to_equity": 0.0,
    "current_ratio": 0.0,
    "return_on_equity": 0.0,
    "return_on_assets": 0.0,
    "beta": 0.0,
    "short_ratio": 0.0,
    "analyst_target": 0.0,
    "analyst_low": 0.0,
    "analyst_high": 0.0,
    "num_analyst_opinions": 0.0,
    "recommendation_mean": 0.0,
    "earnings_surprise_pct": 0.0,
    "analyst_upside": 0.02602027915418148,
    "sentiment_mean": 0.01733442395925522,
    "sentiment_std": 0.006934416014701128,
    "news_count": 0.018549639731645584,
    "sentiment_5d_avg": 0.01582827791571617,
    "sentiment_10d_avg": 0.017467066645622253
  }
}